"Year","state","stateID","type","obs","pred.mean","pred.median","pred.lower","pred.upper"
2008,"Alabama",1,"farm_kha",0.14771085026041,0.223,0.219,0.057,0.972
2008,"Alabama",1,"farm_knumber",0.004,0.005,0.005,0.003,0.01
2008,"Alabama",1,"farm_msales",NA,0.613,0.613,0.169,2.186
2008,"Alaska",2,"farm_kha",0.130713985298938,0.46,0.462,0.104,2.141
2008,"Alaska",2,"farm_knumber",0.006,0.005,0.005,0.003,0.01
2008,"Alaska",2,"farm_msales",0.57574606,0.731,0.722,0.277,2.066
2008,"Arizona",3,"farm_kha",8.32279820946739,6.451,6.437,1.677,24.509
2008,"Arizona",3,"farm_knumber",0.038,0.033,0.033,0.018,0.062
2008,"Arizona",3,"farm_msales",51.33352276,54.651,54.598,21.157,146.207
2008,"Arkansas",4,"farm_kha",2.53374694104227,0.91,0.914,0.226,3.622
2008,"Arkansas",4,"farm_knumber",0.025,0.017,0.017,0.009,0.032
2008,"Arkansas",4,"farm_msales",15.67474666,10.222,10.196,3.607,28.023
2008,"California",5,"farm_kha",186.790284992183,174.339,173.296,46.665,657.882
2008,"California",5,"farm_knumber",2.286,1.913,1.912,0.997,3.644
2008,"California",5,"farm_msales",1401.35338186,1210.093,1215.608,449.877,3248.667
2008,"Colorado",6,"farm_kha",60.2878800183407,38.145,37.921,9.757,151.87
2008,"Colorado",6,"farm_knumber",0.163,0.12,0.12,0.064,0.226
2008,"Colorado",6,"farm_msales",85.68166628,73.915,74.069,28.106,193.834
2008,"Connecticut",7,"farm_kha",0.193035823491002,0.221,0.221,0.058,0.838
2008,"Connecticut",7,"farm_knumber",0.037,0.038,0.038,0.02,0.072
2008,"Connecticut",7,"farm_msales",6.2988295,3.149,3.152,1.217,8.005
2008,"Delaware",8,"farm_kha",0.0967202553759946,0.101,0.101,0.026,0.39
2008,"Delaware",8,"farm_knumber",0.004,0.004,0.004,0.002,0.007
2008,"Delaware",8,"farm_msales",NA,0.218,0.217,0.071,0.639
2008,"Florida",9,"farm_kha",3.01613415613928,3.455,3.466,0.889,12.782
2008,"Florida",9,"farm_knumber",0.099,0.093,0.093,0.05,0.173
2008,"Florida",9,"farm_msales",52.9485368,53.811,53.785,21.584,138.383
2008,"Georgia",10,"farm_kha",1.50058036374137,1.188,1.187,0.317,4.693
2008,"Georgia",10,"farm_knumber",0.058,0.052,0.051,0.028,0.097
2008,"Georgia",10,"farm_msales",7.13184306,8.381,8.423,3.241,22.001
2008,"Hawaii",11,"farm_kha",3.97160077933059,1.57,1.569,0.4,6.002
2008,"Hawaii",11,"farm_knumber",0.18,0.119,0.119,0.063,0.219
2008,"Hawaii",11,"farm_msales",12.29481962,7.905,7.969,2.936,20.76
2008,"Idaho",12,"farm_kha",59.9532036535041,44.807,44.567,11.858,176.642
2008,"Idaho",12,"farm_knumber",0.219,0.15,0.15,0.08,0.283
2008,"Idaho",12,"farm_msales",86.9244754,52.107,52.72,19.865,135.26
2008,"Illinois",13,"farm_kha",12.0940787946092,10.358,10.371,2.63,39.848
2008,"Illinois",13,"farm_knumber",0.162,0.141,0.142,0.075,0.267
2008,"Illinois",13,"farm_msales",28.75674688,26.996,26.897,10.591,70.743
2008,"Indiana",14,"farm_kha",5.09056105596082,6.57,6.576,1.714,25.688
2008,"Indiana",14,"farm_knumber",0.108,0.133,0.132,0.071,0.251
2008,"Indiana",14,"farm_msales",16.9294337,24.084,24.143,9.318,62.49
2008,"Iowa",15,"farm_kha",37.8228807864067,28.71,28.775,7.106,115.934
2008,"Iowa",15,"farm_knumber",0.476,0.43,0.43,0.229,0.796
2008,"Iowa",15,"farm_msales",87.28531602,66.035,66.287,25.229,173.313
2008,"Kansas",16,"farm_kha",21.3869123686634,16.867,16.912,4.293,65.639
2008,"Kansas",16,"farm_knumber",0.087,0.068,0.067,0.036,0.128
2008,"Kansas",16,"farm_msales",17.6485261,12.905,12.942,4.923,33.683
2008,"Kentucky",17,"farm_kha",2.17600340232939,1.96,1.941,0.502,7.301
2008,"Kentucky",17,"farm_knumber",0.052,0.049,0.049,0.026,0.092
2008,"Kentucky",17,"farm_msales",2.98300126,3.271,3.251,1.292,8.654
2008,"Louisiana",18,"farm_kha",0.850652622595568,0.874,0.877,0.227,3.304
2008,"Louisiana",18,"farm_knumber",0.016,0.014,0.014,0.007,0.027
2008,"Louisiana",18,"farm_msales",2.53854916,2.448,2.45,0.936,6.392
2008,"Maine",19,"farm_kha",10.6578437053648,10.362,10.247,2.688,40.288
2008,"Maine",19,"farm_knumber",0.276,0.255,0.255,0.136,0.478
2008,"Maine",19,"farm_msales",37.42293514,29.727,29.43,11.553,78.335
2008,"Maryland",20,"farm_kha",3.54708384255478,3.185,3.188,0.82,12.28
2008,"Maryland",20,"farm_knumber",0.095,0.08,0.08,0.042,0.147
2008,"Maryland",20,"farm_msales",12.69207236,9.298,9.328,3.6,23.88
2008,"Massachusetts",21,"farm_kha",1.48924912043372,1.298,1.276,0.333,4.914
2008,"Massachusetts",21,"farm_knumber",0.08,0.079,0.08,0.043,0.15
2008,"Massachusetts",21,"farm_msales",18.40035842,14.688,14.717,5.697,39.414
2008,"Michigan",22,"farm_kha",26.8198388474196,19.918,19.916,5.093,76.18
2008,"Michigan",22,"farm_knumber",0.309,0.232,0.233,0.124,0.434
2008,"Michigan",22,"farm_msales",86.75519552,82.765,82.806,31.816,217.245
2008,"Minnesota",23,"farm_kha",48.5782541216695,36.739,37.189,9.402,139.073
2008,"Minnesota",23,"farm_knumber",0.462,0.381,0.381,0.203,0.719
2008,"Minnesota",23,"farm_msales",84.2446966,64.406,64.2,23.736,171.919
2008,"Mississippi",24,"farm_kha",NA,1.572,1.596,0.293,8.029
2008,"Mississippi",24,"farm_knumber",0.01,0.01,0.01,0.005,0.018
2008,"Mississippi",24,"farm_msales",NA,4.739,4.721,1.349,16.66
2008,"Missouri",25,"farm_kha",11.1119028121927,10.705,10.687,2.804,40.896
2008,"Missouri",25,"farm_knumber",0.115,0.107,0.106,0.057,0.201
2008,"Missouri",25,"farm_msales",11.3748103,21.052,21.01,7.854,57.284
2008,"Montana",26,"farm_kha",114.943727425519,81.193,81.614,20.883,307.054
2008,"Montana",26,"farm_knumber",0.133,0.104,0.104,0.055,0.194
2008,"Montana",26,"farm_msales",30.96680982,26.682,26.602,10.145,69.826
2008,"Nebraska",27,"farm_kha",59.0734135481174,41.051,40.813,10.989,152.041
2008,"Nebraska",27,"farm_knumber",0.146,0.122,0.121,0.065,0.227
2008,"Nebraska",27,"farm_msales",59.33630064,45.393,45.513,17.305,119.582
2008,"Nevada",28,"farm_kha",1.62724747643044,2.039,2.035,0.542,7.684
2008,"Nevada",28,"farm_knumber",0.02,0.026,0.026,0.014,0.049
2008,"Nevada",28,"farm_msales",3.4170797,3.426,3.391,1.297,9.18
2008,"New Hampshire",29,"farm_kha",3.32248241270676,2.152,2.149,0.56,8.256
2008,"New Hampshire",29,"farm_knumber",0.079,0.074,0.074,0.039,0.14
2008,"New Hampshire",29,"farm_msales",13.07979812,13.273,13.277,4.869,33.686
2008,"New Jersey",30,"farm_kha",1.09144154288309,0.769,0.77,0.199,3.007
2008,"New Jersey",30,"farm_knumber",0.062,0.051,0.051,0.027,0.093
2008,"New Jersey",30,"farm_msales",3.17397152,3.714,3.717,1.413,9.631
2008,"New Mexico",31,"farm_kha",47.3382923540041,30.928,30.784,7.83,120.784
2008,"New Mexico",31,"farm_knumber",0.139,0.086,0.086,0.046,0.162
2008,"New Mexico",31,"farm_msales",40.8274647,20.999,21.115,8.004,54.382
2008,"New York",32,"farm_kha",66.4824279222752,57.091,57.34,14.894,219.225
2008,"New York",32,"farm_knumber",0.684,0.588,0.588,0.313,1.108
2008,"New York",32,"farm_msales",128.26262966,107.03,107.34,41.388,283.731
2008,"North Carolina",33,"farm_kha",3.48516669162371,4.519,4.484,1.19,17.031
2008,"North Carolina",33,"farm_knumber",0.134,0.116,0.116,0.062,0.217
2008,"North Carolina",33,"farm_msales",64.41054294,39.272,38.978,14.893,103.547
2008,"North Dakota",34,"farm_kha",61.8050525597825,40.871,40.65,10.401,158.856
2008,"North Dakota",34,"farm_knumber",0.124,0.097,0.098,0.052,0.182
2008,"North Dakota",34,"farm_msales",23.999047,18.039,17.886,6.916,47.896
2008,"Ohio",35,"farm_kha",24.1598294809493,19.219,19.02,5.176,73.332
2008,"Ohio",35,"farm_knumber",0.42,0.338,0.339,0.182,0.622
2008,"Ohio",35,"farm_msales",52.17338784,49.162,49.304,18.69,128.127
2008,"Oklahoma",36,"farm_kha",11.134969986069,5.21,5.199,1.315,20.512
2008,"Oklahoma",36,"farm_knumber",0.058,0.036,0.036,0.019,0.067
2008,"Oklahoma",36,"farm_msales",6.837307,2.391,2.378,0.898,6.266
2008,"Oregon",37,"farm_kha",40.5310479369346,39.69,39.726,10.074,152.06
2008,"Oregon",37,"farm_knumber",0.433,0.356,0.356,0.19,0.681
2008,"Oregon",37,"farm_msales",189.84772336,166.235,165.67,63.75,429.662
2008,"Pennsylvania",38,"farm_kha",20.9348766981405,21.168,21.381,5.339,80.644
2008,"Pennsylvania",38,"farm_knumber",0.466,0.429,0.43,0.228,0.814
2008,"Pennsylvania",38,"farm_msales",259.5420009,174.103,173.469,66.618,458.06
2008,"Rhode Island",39,"farm_kha",NA,0.04,0.04,0.009,0.177
2008,"Rhode Island",39,"farm_knumber",0.022,0.019,0.019,0.01,0.035
2008,"Rhode Island",39,"farm_msales",1.36242402,0.593,0.593,0.228,1.552
2008,"South Carolina",40,"farm_kha",0.227029553413946,0.369,0.375,0.094,1.391
2008,"South Carolina",40,"farm_knumber",0.016,0.017,0.017,0.009,0.032
2008,"South Carolina",40,"farm_msales",2.09136914,2.932,2.934,1.081,8.175
2008,"South Dakota",41,"farm_kha",53.3879622185051,32.783,32.901,8.214,124.465
2008,"South Dakota",41,"farm_knumber",0.094,0.076,0.076,0.041,0.142
2008,"South Dakota",41,"farm_msales",18.48014642,11.886,11.834,4.459,31.755
2008,"Tennessee",42,"farm_kha",0.492099709360709,0.61,0.606,0.163,2.393
2008,"Tennessee",42,"farm_knumber",0.019,0.019,0.019,0.01,0.035
2008,"Tennessee",42,"farm_msales",1.49522468,1.799,1.795,0.656,4.924
2008,"Texas",43,"farm_kha",124.916030910771,47.281,47.608,12.06,183.837
2008,"Texas",43,"farm_knumber",0.185,0.138,0.138,0.074,0.26
2008,"Texas",43,"farm_msales",182.18011852,134.496,134.088,50.597,351.426
2008,"Utah",44,"farm_kha",57.9326001593939,35.991,36.162,9.097,137.15
2008,"Utah",44,"farm_knumber",0.054,0.043,0.043,0.023,0.079
2008,"Utah",44,"farm_msales",15.56340458,11.896,12.013,4.581,30.942
2008,"Vermont",45,"farm_kha",30.6890537497204,27.252,27.167,7.036,104.379
2008,"Vermont",45,"farm_knumber",0.41,0.362,0.361,0.192,0.692
2008,"Vermont",45,"farm_msales",88.88519718,67.984,67.694,25.815,176.638
2008,"Virginia",46,"farm_kha",4.30708651868917,4.912,4.87,1.287,19.708
2008,"Virginia",46,"farm_knumber",0.085,0.078,0.078,0.041,0.145
2008,"Virginia",46,"farm_msales",23.41269426,22.686,22.612,8.619,59.089
2008,"Washington",47,"farm_kha",32.4984104935952,23.526,23.406,6.001,91.67
2008,"Washington",47,"farm_knumber",0.707,0.533,0.533,0.286,1.004
2008,"Washington",47,"farm_msales",344.00309012,279.348,279.22,106.373,723.463
2008,"West Virginia",48,"farm_kha",0.0562515292772521,0.156,0.155,0.04,0.607
2008,"West Virginia",48,"farm_knumber",0.005,0.006,0.006,0.003,0.011
2008,"West Virginia",48,"farm_msales",0.4986201,0.44,0.437,0.166,1.208
2008,"Wisconsin",49,"farm_kha",77.1633388015163,59.003,59.264,15.09,224.769
2008,"Wisconsin",49,"farm_knumber",0.994,0.838,0.832,0.457,1.568
2008,"Wisconsin",49,"farm_msales",161.97233864,127.801,128.509,47.796,325.716
2008,"Wyoming",50,"farm_kha",273.778216428691,127.297,126.723,32.233,505.223
2008,"Wyoming",50,"farm_knumber",0.047,0.037,0.037,0.02,0.07
2008,"Wyoming",50,"farm_msales",16.4975415,12.396,12.466,4.655,31.563
2011,"Alabama",1,"farm_kha",NA,0.321,0.321,0.088,1.17
2011,"Alabama",1,"farm_knumber",0.003,0.007,0.007,0.004,0.013
2011,"Alabama",1,"farm_msales",NA,0.871,0.879,0.303,2.458
2014,"Alabama",1,"farm_kha",0.526093439283653,0.468,0.466,0.135,1.675
2014,"Alabama",1,"farm_knumber",0.015,0.01,0.01,0.006,0.018
2014,"Alabama",1,"farm_msales",1.4663,1.222,1.225,0.486,3.139
2015,"Alabama",1,"farm_kha",0.560491856467584,0.531,0.525,0.154,1.843
2015,"Alabama",1,"farm_knumber",0.022,0.011,0.011,0.006,0.02
2015,"Alabama",1,"farm_msales",1.7754,1.371,1.375,0.552,3.367
2016,"Alabama",1,"farm_kha",0.815040143628674,0.598,0.596,0.171,2.127
2016,"Alabama",1,"farm_knumber",0.018,0.013,0.013,0.007,0.022
2016,"Alabama",1,"farm_msales",2.08735,1.548,1.57,0.615,3.955
2019,"Alabama",1,"farm_kha",0.878980730864688,0.876,0.88,0.235,3.384
2019,"Alabama",1,"farm_knumber",0.011,0.018,0.018,0.009,0.034
2019,"Alabama",1,"farm_msales",NA,2.177,2.183,0.763,6.328
2011,"Alaska",2,"farm_kha",NA,1.148,1.142,0.309,4.371
2011,"Alaska",2,"farm_knumber",0.004,0.006,0.006,0.003,0.01
2011,"Alaska",2,"farm_msales",0.69811326,1.057,1.052,0.391,2.869
2014,"Alaska",2,"farm_kha",0.114121807598454,2.867,2.855,0.702,10.946
2014,"Alaska",2,"farm_knumber",0.007,0.006,0.006,0.003,0.011
2014,"Alaska",2,"farm_msales",NA,1.543,1.533,0.509,4.646
2015,"Alaska",2,"farm_kha",281.332918216804,3.827,3.808,0.938,14.91
2015,"Alaska",2,"farm_knumber",0.004,0.006,0.006,0.004,0.011
2015,"Alaska",2,"farm_msales",NA,1.749,1.751,0.522,5.901
2016,"Alaska",2,"farm_kha",NA,5.259,5.265,1.24,21.869
2016,"Alaska",2,"farm_knumber",0.008,0.006,0.006,0.004,0.012
2016,"Alaska",2,"farm_msales",NA,1.974,1.954,0.578,6.654
2019,"Alaska",2,"farm_kha",NA,13.078,13.014,2.371,72.315
2019,"Alaska",2,"farm_knumber",0.008,0.007,0.007,0.004,0.013
2019,"Alaska",2,"farm_msales",NA,2.866,2.863,0.666,12.492
2011,"Arizona",3,"farm_kha",5.97925428108921,7.566,7.542,2.15,26.154
2011,"Arizona",3,"farm_knumber",0.029,0.039,0.039,0.022,0.07
2011,"Arizona",3,"farm_msales",90.1986345,78.29,77.945,31.436,194.246
2014,"Arizona",3,"farm_kha",7.20748011818604,8.96,9.021,2.551,30.725
2014,"Arizona",3,"farm_knumber",0.061,0.045,0.045,0.025,0.079
2014,"Arizona",3,"farm_msales",102.8115,112.099,112.28,48.521,265.363
2015,"Arizona",3,"farm_kha",9.33451636193595,9.348,9.469,2.718,31.564
2015,"Arizona",3,"farm_knumber",0.048,0.047,0.047,0.027,0.084
2015,"Arizona",3,"farm_msales",141.6481,125.457,125.336,53.623,298.882
2016,"Arizona",3,"farm_kha",13.4287373813457,9.892,9.964,2.866,34.438
2016,"Arizona",3,"farm_knumber",0.038,0.049,0.049,0.028,0.088
2016,"Arizona",3,"farm_msales",128.3911,141.779,142.167,58.965,342.441
2019,"Arizona",3,"farm_kha",10.8043404938423,11.599,11.728,3.004,42.351
2019,"Arizona",3,"farm_knumber",0.062,0.057,0.058,0.031,0.106
2019,"Arizona",3,"farm_msales",206.55612,201.18,201.542,79.838,538.116
2011,"Arkansas",4,"farm_kha",1.14647901037738,1.104,1.111,0.315,4.109
2011,"Arkansas",4,"farm_knumber",0.01,0.023,0.023,0.013,0.041
2011,"Arkansas",4,"farm_msales",NA,14.413,14.454,5.743,36.746
2014,"Arkansas",4,"farm_kha",0.121406178296228,1.35,1.364,0.381,4.712
2014,"Arkansas",4,"farm_knumber",0.026,0.032,0.032,0.018,0.055
2014,"Arkansas",4,"farm_msales",NA,20.739,20.863,8.33,50.653
2015,"Arkansas",4,"farm_kha",0.815444830889662,1.468,1.464,0.42,5.176
2015,"Arkansas",4,"farm_knumber",0.032,0.035,0.035,0.02,0.062
2015,"Arkansas",4,"farm_msales",17.9003,23.259,23.336,9.29,56.601
2016,"Arkansas",4,"farm_kha",1.97123164826975,1.566,1.56,0.467,5.356
2016,"Arkansas",4,"farm_knumber",0.064,0.039,0.039,0.022,0.069
2016,"Arkansas",4,"farm_msales",43.34712,26.104,26.219,10.517,63.944
2019,"Arkansas",4,"farm_kha",8.50207466608482,1.906,1.932,0.503,7.288
2019,"Arkansas",4,"farm_knumber",0.067,0.054,0.054,0.029,0.099
2019,"Arkansas",4,"farm_msales",56.43762,37.188,37.319,13.721,97.23
2011,"California",5,"farm_kha",236.028584036523,220.669,220.523,61.496,769.719
2011,"California",5,"farm_knumber",1.884,2.161,2.158,1.212,3.831
2011,"California",5,"farm_msales",1624.95099234,1650.618,1660.709,661.146,3968.03
2014,"California",5,"farm_kha",277.553948573704,278.535,277.827,81.451,940.183
2014,"California",5,"farm_knumber",2.632,2.426,2.43,1.387,4.341
2014,"California",5,"farm_msales",2453.6963,2241.83,2241.723,926.024,5329.699
2015,"California",5,"farm_kha",319.870072018854,292.783,290.325,85.964,999.295
2015,"California",5,"farm_knumber",2.635,2.509,2.503,1.427,4.442
2015,"California",5,"farm_msales",2679.1534,2454.291,2450.384,1007.246,5837.162
2016,"California",5,"farm_kha",432.995134893496,318.587,317.348,92.573,1092.31
2016,"California",5,"farm_knumber",2.713,2.634,2.637,1.478,4.688
2016,"California",5,"farm_msales",3149.18004,2743.059,2727.116,1145.962,6781.815
2019,"California",5,"farm_kha",390.627211478939,397.928,401.818,101.491,1504.213
2019,"California",5,"farm_knumber",3.012,2.976,2.962,1.634,5.441
2019,"California",5,"farm_msales",3668.86146,3726.259,3694.129,1450.988,9461.867
2011,"Colorado",6,"farm_kha",31.4559361092916,45.026,44.97,12.515,159.051
2011,"Colorado",6,"farm_knumber",0.117,0.137,0.136,0.077,0.246
2011,"Colorado",6,"farm_msales",82.14894675,101.383,101.393,41.594,250.391
2014,"Colorado",6,"farm_kha",46.437863198307,52.681,53.197,15.317,187.729
2014,"Colorado",6,"farm_knumber",0.134,0.155,0.155,0.089,0.271
2014,"Colorado",6,"farm_msales",161.4063,136.867,136.592,56.883,325.74
2015,"Colorado",6,"farm_kha",61.338852835125,55.784,55.59,16.087,192.299
2015,"Colorado",6,"farm_knumber",0.133,0.165,0.165,0.092,0.291
2015,"Colorado",6,"farm_msales",170.7266,154.383,152.933,64.198,369.823
2016,"Colorado",6,"farm_kha",71.4256828152366,58.855,59.383,16.792,204.185
2016,"Colorado",6,"farm_knumber",0.181,0.171,0.171,0.094,0.302
2016,"Colorado",6,"farm_msales",197.61373,170.233,170.204,69.684,407.086
2019,"Colorado",6,"farm_kha",67.7851162153937,68.494,68.855,18.155,255.98
2019,"Colorado",6,"farm_knumber",0.238,0.195,0.196,0.105,0.354
2019,"Colorado",6,"farm_msales",187.80138,231.114,232.293,91.001,590.533
2011,"Connecticut",7,"farm_kha",0.120192116513265,0.333,0.333,0.097,1.164
2011,"Connecticut",7,"farm_knumber",0.035,0.045,0.045,0.026,0.082
2011,"Connecticut",7,"farm_msales",1.35237024,3.837,3.861,1.575,9.403
2014,"Connecticut",7,"farm_kha",0.907713526394795,0.508,0.504,0.149,1.825
2014,"Connecticut",7,"farm_knumber",0.078,0.054,0.054,0.031,0.095
2014,"Connecticut",7,"farm_msales",3.9446,4.698,4.716,1.95,11.314
2015,"Connecticut",7,"farm_kha",1.02628689386411,0.591,0.592,0.177,2.002
2015,"Connecticut",7,"farm_knumber",0.059,0.057,0.057,0.033,0.1
2015,"Connecticut",7,"farm_msales",5.1447,5.08,5.028,2.142,12.245
2016,"Connecticut",7,"farm_kha",0.684326158329736,0.665,0.668,0.193,2.348
2016,"Connecticut",7,"farm_knumber",0.057,0.061,0.061,0.034,0.107
2016,"Connecticut",7,"farm_msales",7.56787,5.364,5.333,2.198,13.383
2019,"Connecticut",7,"farm_kha",0.728437069777365,1.008,1.013,0.267,3.732
2019,"Connecticut",7,"farm_knumber",0.063,0.072,0.073,0.039,0.133
2019,"Connecticut",7,"farm_msales",6.27504,6.575,6.58,2.564,16.795
2011,"Delaware",8,"farm_kha",0.128285861733014,0.109,0.108,0.03,0.404
2011,"Delaware",8,"farm_knumber",0.004,0.004,0.004,0.002,0.007
2011,"Delaware",8,"farm_msales",0.62865036,0.456,0.454,0.169,1.207
2014,"Delaware",8,"farm_kha",0.083770263024397,0.119,0.118,0.033,0.44
2014,"Delaware",8,"farm_knumber",0.006,0.005,0.005,0.003,0.008
2014,"Delaware",8,"farm_msales",0.2717,0.952,0.946,0.379,2.41
2015,"Delaware",8,"farm_kha",NA,0.122,0.122,0.033,0.435
2015,"Delaware",8,"farm_knumber",0.003,0.005,0.005,0.003,0.008
2015,"Delaware",8,"farm_msales",NA,1.231,1.234,0.492,3.047
2016,"Delaware",8,"farm_kha",NA,0.123,0.123,0.034,0.459
2016,"Delaware",8,"farm_knumber",0.002,0.005,0.005,0.003,0.009
2016,"Delaware",8,"farm_msales",NA,1.559,1.566,0.629,3.936
2019,"Delaware",8,"farm_kha",0.214888935584323,0.134,0.134,0.033,0.559
2019,"Delaware",8,"farm_knumber",0.012,0.006,0.006,0.003,0.01
2019,"Delaware",8,"farm_msales",13.83528,3.306,3.307,1.208,9.309
2011,"Florida",9,"farm_kha",5.89426995628185,4.303,4.293,1.216,14.778
2011,"Florida",9,"farm_knumber",0.091,0.107,0.107,0.059,0.188
2011,"Florida",9,"farm_msales",115.37094699,63.784,64.072,25.841,156.812
2014,"Florida",9,"farm_kha",7.788206337703,5.472,5.455,1.706,18.916
2014,"Florida",9,"farm_knumber",0.146,0.122,0.122,0.07,0.212
2014,"Florida",9,"farm_msales",62.8133,75.413,75.868,31.437,179.653
2015,"Florida",9,"farm_kha",5.16259538841658,5.9,5.936,1.717,19.512
2015,"Florida",9,"farm_knumber",0.159,0.128,0.128,0.073,0.225
2015,"Florida",9,"farm_msales",69.1141,79.799,79.599,33.013,190.757
2016,"Florida",9,"farm_kha",4.72634252107214,6.391,6.392,1.869,22.762
2016,"Florida",9,"farm_knumber",0.123,0.134,0.133,0.075,0.238
2016,"Florida",9,"farm_msales",78.86259,84.169,83.68,34.743,208.096
2019,"Florida",9,"farm_kha",7.24875821880676,7.988,8.029,2.083,29.64
2019,"Florida",9,"farm_knumber",0.126,0.154,0.154,0.083,0.289
2019,"Florida",9,"farm_msales",88.18716,99.817,99.186,39.369,253.161
2011,"Georgia",10,"farm_kha",0.661258984453453,1.457,1.437,0.419,5.063
2011,"Georgia",10,"farm_knumber",0.039,0.062,0.062,0.035,0.111
2011,"Georgia",10,"farm_msales",14.70049659,13.6,13.437,5.612,33.616
2014,"Georgia",10,"farm_kha",3.33138553244848,1.77,1.768,0.521,6.117
2014,"Georgia",10,"farm_knumber",0.086,0.074,0.074,0.042,0.131
2014,"Georgia",10,"farm_msales",13.5223,21.839,21.65,9.393,52.562
2015,"Georgia",10,"farm_kha",1.27921643198125,1.899,1.912,0.531,6.619
2015,"Georgia",10,"farm_knumber",0.093,0.079,0.079,0.045,0.139
2015,"Georgia",10,"farm_msales",21.9604,25.576,25.457,10.329,63.056
2016,"Georgia",10,"farm_kha",2.16386278449976,2.006,2.008,0.562,7.121
2016,"Georgia",10,"farm_knumber",0.083,0.084,0.084,0.047,0.148
2016,"Georgia",10,"farm_msales",52.57397,29.772,29.755,12.025,72.389
2019,"Georgia",10,"farm_kha",2.88137329823047,2.507,2.488,0.693,9.329
2019,"Georgia",10,"farm_knumber",0.102,0.101,0.101,0.054,0.188
2019,"Georgia",10,"farm_msales",53.25624,48.772,48.96,18.84,127.492
2011,"Hawaii",11,"farm_kha",1.09306029192704,1.581,1.571,0.453,5.458
2011,"Hawaii",11,"farm_knumber",0.103,0.123,0.123,0.069,0.22
2011,"Hawaii",11,"farm_msales",8.74623321,10.431,10.486,4.393,25.204
2014,"Hawaii",11,"farm_kha",1.36501013131059,1.599,1.613,0.448,5.366
2014,"Hawaii",11,"farm_knumber",0.121,0.126,0.127,0.071,0.222
2014,"Hawaii",11,"farm_msales",14.5464,13.928,13.902,5.726,33.183
2015,"Hawaii",11,"farm_kha",0.666115231585302,1.571,1.574,0.452,5.436
2015,"Hawaii",11,"farm_knumber",0.119,0.127,0.127,0.072,0.223
2015,"Hawaii",11,"farm_msales",13.8336,14.954,14.962,6.129,36.163
2016,"Hawaii",11,"farm_kha",2.89877485045293,1.591,1.595,0.459,5.669
2016,"Hawaii",11,"farm_knumber",0.113,0.129,0.129,0.072,0.229
2016,"Hawaii",11,"farm_msales",14.61472,16.479,16.486,6.896,40.694
2019,"Hawaii",11,"farm_kha",1.12907745815492,1.563,1.548,0.41,6.141
2019,"Hawaii",11,"farm_knumber",0.129,0.132,0.131,0.072,0.243
2019,"Hawaii",11,"farm_msales",17.62866,21.762,21.748,8.645,57
2011,"Idaho",12,"farm_kha",52.8019750645953,52.293,52.51,14.864,175.739
2011,"Idaho",12,"farm_knumber",0.142,0.163,0.162,0.092,0.291
2011,"Idaho",12,"farm_msales",62.30167047,71.468,72.168,28.76,178.226
2014,"Idaho",12,"farm_kha",50.590359183299,61.047,60.734,17.724,217.68
2014,"Idaho",12,"farm_knumber",0.151,0.178,0.178,0.1,0.303
2014,"Idaho",12,"farm_msales",72.2469,96.595,96.931,40.325,235.333
2015,"Idaho",12,"farm_kha",67.6564256663997,64.338,64.425,18.84,213.156
2015,"Idaho",12,"farm_knumber",0.168,0.183,0.183,0.105,0.321
2015,"Idaho",12,"farm_msales",93.5154,107.373,108.636,44.476,254.697
2016,"Idaho",12,"farm_kha",72.2637901327416,66.735,66.82,19.258,228.161
2016,"Idaho",12,"farm_knumber",0.166,0.186,0.185,0.106,0.332
2016,"Idaho",12,"farm_msales",106.82545,117.851,117.625,48.567,286.288
2019,"Idaho",12,"farm_kha",73.1399380527793,78.775,79.44,20.347,291.233
2019,"Idaho",12,"farm_knumber",0.24,0.203,0.202,0.111,0.377
2019,"Idaho",12,"farm_msales",210.08736,160.415,161.096,60.763,413.228
2011,"Illinois",13,"farm_kha",11.6400196877813,12.483,12.528,3.6,43.165
2011,"Illinois",13,"farm_knumber",0.135,0.164,0.164,0.093,0.298
2011,"Illinois",13,"farm_msales",32.6075841,36.264,36.562,15.15,87.359
2014,"Illinois",13,"farm_kha",16.382145012032,15.355,15.425,4.673,51.728
2014,"Illinois",13,"farm_knumber",0.215,0.191,0.191,0.108,0.34
2014,"Illinois",13,"farm_msales",57.86,49.071,49.402,21.072,118.985
2015,"Illinois",13,"farm_kha",14.9540036680073,16.396,16.33,4.787,56.151
2015,"Illinois",13,"farm_knumber",0.196,0.201,0.202,0.113,0.36
2015,"Illinois",13,"farm_msales",58.685,54.332,54.489,22.021,131.641
2016,"Illinois",13,"farm_kha",15.8447203294407,17.674,17.672,4.978,61.993
2016,"Illinois",13,"farm_knumber",0.205,0.212,0.213,0.118,0.376
2016,"Illinois",13,"farm_msales",56.79554,60.024,59.621,24.556,144.905
2019,"Illinois",13,"farm_kha",24.5596604948049,21.802,21.889,5.789,81.859
2019,"Illinois",13,"farm_knumber",0.258,0.248,0.247,0.136,0.463
2019,"Illinois",13,"farm_msales",74.15604,81.531,81.451,31.125,208.315
2011,"Indiana",14,"farm_kha",6.23339788098931,8.507,8.466,2.312,31.125
2011,"Indiana",14,"farm_knumber",0.156,0.189,0.189,0.107,0.341
2011,"Indiana",14,"farm_msales",35.5562415,38.627,38.532,15.673,93.691
2014,"Indiana",14,"farm_kha",10.26651112399,11.059,11.095,3.098,39.057
2014,"Indiana",14,"farm_knumber",0.251,0.268,0.268,0.149,0.478
2014,"Indiana",14,"farm_msales",65.6315,61.555,61.406,25.532,147.821
2015,"Indiana",14,"farm_kha",14.1065885434997,12.036,11.977,3.287,43.429
2015,"Indiana",14,"farm_knumber",0.332,0.303,0.302,0.17,0.538
2015,"Indiana",14,"farm_msales",65.395,72.446,72.385,29.903,169.703
2016,"Indiana",14,"farm_kha",17.4901787326155,13.118,13.197,3.476,48.331
2016,"Indiana",14,"farm_knumber",0.42,0.34,0.34,0.193,0.606
2016,"Indiana",14,"farm_msales",108.04516,84.987,85.2,34.987,210.193
2019,"Indiana",14,"farm_kha",NA,17.378,17.593,4.28,70.669
2019,"Indiana",14,"farm_knumber",0.595,0.482,0.483,0.26,0.89
2019,"Indiana",14,"farm_msales",184.57002,136.974,137.277,53.303,356.381
2011,"Iowa",15,"farm_kha",33.0362398634475,33.055,32.917,9.573,118.161
2011,"Iowa",15,"farm_knumber",0.466,0.51,0.508,0.287,0.911
2011,"Iowa",15,"farm_msales",71.02287504,85.334,85.285,35.302,207.893
2014,"Iowa",15,"farm_kha",39.3299361463239,38.814,38.706,11.313,135.375
2014,"Iowa",15,"farm_knumber",0.583,0.601,0.603,0.346,1.053
2014,"Iowa",15,"farm_msales",112.7819,110.707,111.163,46.945,263.75
2015,"Iowa",15,"farm_kha",37.9220291653486,41.469,41.867,12.155,144.46
2015,"Iowa",15,"farm_knumber",0.672,0.636,0.635,0.356,1.118
2015,"Iowa",15,"farm_msales",132.5984,119.753,120.181,47.989,286.317
2016,"Iowa",15,"farm_kha",41.7378253491991,43.568,43.554,12.974,149.336
2016,"Iowa",15,"farm_knumber",0.732,0.675,0.676,0.382,1.199
2016,"Iowa",15,"farm_msales",142.99492,131.292,131.894,54.163,313.265
2019,"Iowa",15,"farm_kha",54.1030446086699,50.605,50.099,13.477,190.766
2019,"Iowa",15,"farm_knumber",0.779,0.795,0.803,0.427,1.469
2019,"Iowa",15,"farm_msales",147.48792,167.269,167.001,64.522,425.834
2011,"Kansas",16,"farm_kha",22.8239568324298,19.605,19.609,5.584,71.738
2011,"Kansas",16,"farm_knumber",0.064,0.075,0.076,0.042,0.134
2011,"Kansas",16,"farm_msales",NA,19.171,19.202,7.729,47.752
2014,"Kansas",16,"farm_kha",17.0199321353481,22.952,22.92,6.592,79.208
2014,"Kansas",16,"farm_knumber",0.077,0.084,0.083,0.048,0.145
2014,"Kansas",16,"farm_msales",18.9189,28.595,28.617,12.134,68.308
2015,"Kansas",16,"farm_kha",21.1242703362826,23.786,23.927,6.659,80.648
2015,"Kansas",16,"farm_knumber",0.08,0.086,0.086,0.049,0.154
2015,"Kansas",16,"farm_msales",19.58,32.648,32.525,13.735,81.534
2016,"Kansas",16,"farm_kha",21.9372870436063,25.028,25.154,7.119,89.124
2016,"Kansas",16,"farm_knumber",0.086,0.09,0.09,0.051,0.159
2016,"Kansas",16,"farm_msales",54.5218,37.088,37.003,15.21,91.474
2019,"Kansas",16,"farm_kha",34.6655107761828,28.713,28.789,7.523,106.296
2019,"Kansas",16,"farm_knumber",0.11,0.099,0.099,0.053,0.184
2019,"Kansas",16,"farm_msales",70.42896,54.866,54.899,21.37,141.034
2011,"Kentucky",17,"farm_kha",1.41964291154389,2.503,2.498,0.711,8.698
2011,"Kentucky",17,"farm_knumber",0.043,0.064,0.064,0.036,0.113
2011,"Kentucky",17,"farm_msales",4.11728733,5.554,5.551,2.263,13.667
2014,"Kentucky",17,"farm_kha",2.83159676512901,3.204,3.19,0.925,11.001
2014,"Kentucky",17,"farm_knumber",0.086,0.084,0.084,0.048,0.145
2014,"Kentucky",17,"farm_msales",8.4381,9.458,9.459,3.904,22
2015,"Kentucky",17,"farm_kha",3.03394039562273,3.507,3.515,1.03,12.122
2015,"Kentucky",17,"farm_knumber",0.086,0.091,0.091,0.051,0.162
2015,"Kentucky",17,"farm_msales",10.3092,11.356,11.416,4.641,27.633
2016,"Kentucky",17,"farm_kha",4.15006786142605,3.802,3.762,1.132,13.45
2016,"Kentucky",17,"farm_knumber",0.1,0.1,0.1,0.056,0.176
2016,"Kentucky",17,"farm_msales",13.27729,13.477,13.484,5.562,32.852
2019,"Kentucky",17,"farm_kha",7.8909969019938,4.846,4.833,1.257,18.394
2019,"Kentucky",17,"farm_knumber",0.185,0.131,0.131,0.07,0.241
2019,"Kentucky",17,"farm_msales",39.22818,23.011,23.012,8.81,58.498
2011,"Louisiana",18,"farm_kha",0.825562012414347,1.077,1.077,0.311,3.885
2011,"Louisiana",18,"farm_knumber",0.015,0.014,0.014,0.008,0.024
2011,"Louisiana",18,"farm_msales",3.25629603,4.052,4.067,1.663,10.136
2014,"Louisiana",18,"farm_kha",1.62036779299365,1.316,1.32,0.386,4.513
2014,"Louisiana",18,"farm_knumber",0.014,0.013,0.013,0.008,0.024
2014,"Louisiana",18,"farm_msales",NA,6.686,6.719,2.768,16.087
2015,"Louisiana",18,"farm_kha",1.09832122631987,1.417,1.409,0.425,4.773
2015,"Louisiana",18,"farm_knumber",0.007,0.013,0.013,0.008,0.024
2015,"Louisiana",18,"farm_msales",5.6672,7.846,7.854,3.203,18.974
2016,"Louisiana",18,"farm_kha",2.19583307811777,1.507,1.511,0.442,5.176
2016,"Louisiana",18,"farm_knumber",0.021,0.013,0.013,0.007,0.023
2016,"Louisiana",18,"farm_msales",12.1208,9.322,9.309,3.773,23.267
2019,"Louisiana",18,"farm_kha",1.35246482621997,1.847,1.857,0.493,7.057
2019,"Louisiana",18,"farm_knumber",0.01,0.013,0.013,0.007,0.023
2019,"Louisiana",18,"farm_msales",14.61966,15.301,15.341,5.812,40.207
2011,"Maine",19,"farm_kha",10.4498344532173,13.254,13.171,3.853,46.902
2011,"Maine",19,"farm_knumber",0.221,0.312,0.311,0.177,0.561
2011,"Maine",19,"farm_msales",28.55051667,38.982,38.978,16.379,93.789
2014,"Maine",19,"farm_kha",22.657630368164,17.034,17.03,4.855,58.441
2014,"Maine",19,"farm_knumber",0.444,0.378,0.38,0.215,0.661
2014,"Maine",19,"farm_msales",59.2966,49.996,49.949,21.072,117.331
2015,"Maine",19,"farm_kha",19.6281415324121,18.307,18.467,5.264,61.621
2015,"Maine",19,"farm_knumber",0.475,0.403,0.403,0.23,0.705
2015,"Maine",19,"farm_msales",52.6064,54.096,54.299,21.933,126.22
2016,"Maine",19,"farm_kha",22.3856805287804,20.097,20.126,5.755,68.654
2016,"Maine",19,"farm_knumber",0.494,0.433,0.433,0.242,0.764
2016,"Maine",19,"farm_msales",71.55632,59.529,59.145,25.559,142.167
2019,"Maine",19,"farm_kha",22.3634227294261,25.427,25.483,6.841,95.775
2019,"Maine",19,"farm_knumber",0.456,0.523,0.525,0.282,0.969
2019,"Maine",19,"farm_msales",65.0964,75.618,75.717,29.194,197.754
2011,"Maryland",20,"farm_kha",3.31843554009689,3.868,3.869,1.107,13.846
2011,"Maryland",20,"farm_knumber",0.072,0.089,0.089,0.05,0.157
2011,"Maryland",20,"farm_msales",10.54672983,13.3,13.343,5.312,32.623
2014,"Maryland",20,"farm_kha",5.65671853408223,4.688,4.679,1.349,15.534
2014,"Maryland",20,"farm_knumber",0.11,0.099,0.099,0.057,0.173
2014,"Maryland",20,"farm_msales",20.8197,19.121,19.087,8.231,45.605
2015,"Maryland",20,"farm_kha",4.22574437923069,5.11,5.122,1.448,17.479
2015,"Maryland",20,"farm_knumber",0.088,0.103,0.103,0.059,0.182
2015,"Maryland",20,"farm_msales",15.2724,21.912,22.198,9.025,52.145
2016,"Maryland",20,"farm_kha",5.03835639929344,5.432,5.452,1.558,18.653
2016,"Maryland",20,"farm_knumber",0.111,0.106,0.106,0.061,0.188
2016,"Maryland",20,"farm_msales",19.27011,24.578,24.668,10.024,60.163
2019,"Maryland",20,"farm_kha",6.95900213993976,6.574,6.498,1.815,24.804
2019,"Maryland",20,"farm_knumber",0.12,0.119,0.119,0.065,0.216
2019,"Maryland",20,"farm_msales",51.0816,35.334,35.41,13.585,92.666
2011,"Massachusetts",21,"farm_kha",1.0364040753888,1.71,1.697,0.484,6.255
2011,"Massachusetts",21,"farm_knumber",0.077,0.093,0.093,0.053,0.166
2011,"Massachusetts",21,"farm_msales",12.58739001,18.952,18.992,7.791,47.514
2014,"Massachusetts",21,"farm_kha",2.80124522055496,2.246,2.242,0.66,7.791
2014,"Massachusetts",21,"farm_knumber",0.131,0.112,0.111,0.063,0.195
2014,"Massachusetts",21,"farm_msales",27.0545,24.708,24.668,10.454,58.852
2015,"Massachusetts",21,"farm_kha",2.37430016021322,2.419,2.402,0.724,8.216
2015,"Massachusetts",21,"farm_knumber",0.13,0.118,0.118,0.066,0.208
2015,"Massachusetts",21,"farm_msales",33.5335,26.698,26.602,10.968,64.715
2016,"Massachusetts",21,"farm_kha",2.93074514407093,2.678,2.661,0.778,9.574
2016,"Massachusetts",21,"farm_knumber",0.127,0.125,0.125,0.07,0.22
2016,"Massachusetts",21,"farm_msales",28.47625,29.585,29.725,12.44,70.812
2019,"Massachusetts",21,"farm_kha",3.30629492226726,3.47,3.497,0.862,13.131
2019,"Massachusetts",21,"farm_knumber",0.133,0.149,0.149,0.079,0.277
2019,"Massachusetts",21,"farm_msales",33.5529,38.302,38.016,15.104,100.892
2011,"Michigan",22,"farm_kha",25.8020503860363,23.651,23.784,6.888,84.106
2011,"Michigan",22,"farm_knumber",0.219,0.274,0.274,0.152,0.494
2011,"Michigan",22,"farm_msales",116.07078015,112.97,113.522,46.155,286.009
2014,"Michigan",22,"farm_kha",23.267494070472,28.271,28.488,8.373,96.448
2014,"Michigan",22,"farm_knumber",0.285,0.328,0.328,0.182,0.58
2014,"Michigan",22,"farm_msales",136.9709,157.478,157.433,64.843,380.696
2015,"Michigan",22,"farm_kha",22.6325397579827,29.897,30.296,8.619,98.697
2015,"Michigan",22,"farm_knumber",0.298,0.347,0.346,0.197,0.608
2015,"Michigan",22,"farm_msales",205.6098,172.599,171.829,74.067,414.076
2016,"Michigan",22,"farm_kha",30.8339317891539,31.624,31.69,9.328,110.28
2016,"Michigan",22,"farm_knumber",0.402,0.368,0.367,0.207,0.648
2016,"Michigan",22,"farm_msales",219.16303,192.627,193.834,77.941,469.656
2019,"Michigan",22,"farm_kha",49.4742317174957,37.572,37.807,9.757,140.756
2019,"Michigan",22,"farm_knumber",0.541,0.435,0.439,0.232,0.803
2019,"Michigan",22,"farm_msales",235.5741,263.029,262.959,101.185,683.362
2011,"Minnesota",23,"farm_kha",50.4418389585166,43.131,43.554,12.231,151.26
2011,"Minnesota",23,"farm_knumber",0.434,0.43,0.429,0.24,0.767
2011,"Minnesota",23,"farm_msales",80.94197826,79.099,78.807,32.137,194.032
2014,"Minnesota",23,"farm_kha",53.1107514447287,52.064,52.379,14.702,178.578
2014,"Minnesota",23,"farm_knumber",0.472,0.487,0.487,0.277,0.859
2014,"Minnesota",23,"farm_msales",101.2968,97.847,97.466,41.427,231.366
2015,"Minnesota",23,"farm_kha",46.6689396243309,54.92,54.762,16.296,187.354
2015,"Minnesota",23,"farm_knumber",0.431,0.507,0.505,0.288,0.905
2015,"Minnesota",23,"farm_msales",101.1923,104.906,105.004,43.858,257.238
2016,"Minnesota",23,"farm_kha",52.8877687639246,57.541,57.599,16.395,198.577
2016,"Minnesota",23,"farm_knumber",0.545,0.531,0.531,0.301,0.938
2016,"Minnesota",23,"farm_msales",116.06211,112.963,112.73,46.567,276.442
2019,"Minnesota",23,"farm_kha",69.997946158473,68.471,69.304,17.957,252.163
2019,"Minnesota",23,"farm_knumber",0.635,0.602,0.601,0.324,1.122
2019,"Minnesota",23,"farm_msales",115.87812,138.776,137.827,53.038,363.953
2011,"Mississippi",24,"farm_kha",NA,1.96,1.96,0.472,8.15
2011,"Mississippi",24,"farm_knumber",0.013,0.012,0.012,0.007,0.022
2011,"Mississippi",24,"farm_msales",NA,7.072,7.018,2.511,20.006
2014,"Mississippi",24,"farm_kha",1.13393370528677,2.422,2.414,0.671,8.611
2014,"Mississippi",24,"farm_knumber",0.008,0.015,0.015,0.009,0.027
2014,"Mississippi",24,"farm_msales",6.6,10.534,10.475,4.225,26.128
2015,"Mississippi",24,"farm_kha",1.23186802244572,2.654,2.664,0.722,9.375
2015,"Mississippi",24,"farm_knumber",0.012,0.017,0.017,0.01,0.029
2015,"Mississippi",24,"farm_msales",8.1048,12.172,12.201,5.063,29.43
2016,"Mississippi",24,"farm_kha",9.47534752875957,2.841,2.829,0.821,10.135
2016,"Mississippi",24,"farm_knumber",0.029,0.018,0.018,0.01,0.032
2016,"Mississippi",24,"farm_msales",17.85529,13.907,13.888,5.714,35.093
2019,"Mississippi",24,"farm_kha",3.59645568839525,3.566,3.563,0.94,13.264
2019,"Mississippi",24,"farm_knumber",0.029,0.023,0.023,0.012,0.042
2019,"Mississippi",24,"farm_msales",30.11754,20.72,20.759,7.822,54.219
2011,"Missouri",25,"farm_kha",8.9949837499675,12.331,12.256,3.539,43.513
2011,"Missouri",25,"farm_knumber",0.096,0.14,0.14,0.079,0.252
2011,"Missouri",25,"farm_msales",46.80493272,34.478,34.364,14.267,86.144
2014,"Missouri",25,"farm_kha",19.6799415018185,14.126,14.168,4.108,48.62
2014,"Missouri",25,"farm_knumber",0.182,0.186,0.185,0.105,0.324
2014,"Missouri",25,"farm_msales",47.4969,57.272,57.57,23.736,133.891
2015,"Missouri",25,"farm_kha",12.8208971153426,15.148,15.105,4.464,50.553
2015,"Missouri",25,"farm_knumber",0.176,0.202,0.202,0.114,0.355
2015,"Missouri",25,"farm_msales",101.7808,68.334,68.511,29.019,166.172
2016,"Missouri",25,"farm_kha",16.6237433068415,15.866,15.784,4.572,56.997
2016,"Missouri",25,"farm_knumber",0.302,0.221,0.222,0.125,0.392
2016,"Missouri",25,"farm_msales",110.41482,80.641,81.126,33.149,197.562
2019,"Missouri",25,"farm_kha",20.7082518319875,18.401,18.44,4.894,69.269
2019,"Missouri",25,"farm_knumber",0.355,0.292,0.293,0.157,0.543
2019,"Missouri",25,"farm_msales",116.1576,133.343,132.821,51.778,339.348
2011,"Montana",26,"farm_kha",81.970214087525,92.96,94.349,26.179,310.754
2011,"Montana",26,"farm_knumber",0.099,0.122,0.122,0.067,0.214
2011,"Montana",26,"farm_msales",34.30149957,35.389,35.216,14.426,87.357
2014,"Montana",26,"farm_kha",128.641177148161,107.177,106.698,30.692,369.075
2014,"Montana",26,"farm_knumber",0.138,0.141,0.141,0.08,0.247
2014,"Montana",26,"farm_msales",47.9633,46.649,46.712,19.785,112.056
2015,"Montana",26,"farm_kha",101.386704182441,113.179,111.888,33.751,395.836
2015,"Montana",26,"farm_knumber",0.138,0.148,0.148,0.086,0.261
2015,"Montana",26,"farm_msales",53.8098,51.24,51.265,21.477,122.245
2016,"Montana",26,"farm_kha",107.666236411182,116.941,117.272,33.717,410.356
2016,"Montana",26,"farm_knumber",0.156,0.156,0.156,0.089,0.281
2016,"Montana",26,"farm_msales",57.97383,55.827,55.813,23.264,137.552
2019,"Montana",26,"farm_kha",143.95656654023,138.032,138.865,35.126,513.372
2019,"Montana",26,"farm_knumber",0.208,0.185,0.185,0.099,0.344
2019,"Montana",26,"farm_msales",66.77634,75.419,76.02,28.76,195.782
2011,"Nebraska",27,"farm_kha",56.0026466117448,47.517,47.371,12.935,168.688
2011,"Nebraska",27,"farm_knumber",0.127,0.141,0.14,0.078,0.258
2011,"Nebraska",27,"farm_msales",NA,63.177,63.497,25.278,155.567
2014,"Nebraska",27,"farm_kha",44.5742783614599,54.482,54.272,16.345,188.114
2014,"Nebraska",27,"farm_knumber",0.166,0.163,0.162,0.093,0.285
2014,"Nebraska",27,"farm_msales",83.4977,88.795,88.367,37.338,217.022
2015,"Nebraska",27,"farm_kha",48.885411752759,56.803,56.997,17.236,197.749
2015,"Nebraska",27,"farm_knumber",0.161,0.171,0.171,0.096,0.307
2015,"Nebraska",27,"farm_msales",79.222,99.849,99.484,41.679,244.209
2016,"Nebraska",27,"farm_kha",43.4516758994808,59.719,59.621,17.654,206.237
2016,"Nebraska",27,"farm_knumber",0.162,0.18,0.18,0.101,0.321
2016,"Nebraska",27,"farm_msales",104.60839,110.51,110.388,44.879,270.975
2019,"Nebraska",27,"farm_kha",93.8198617764978,67.327,67.694,17.653,261.648
2019,"Nebraska",27,"farm_knumber",0.238,0.208,0.208,0.111,0.382
2019,"Nebraska",27,"farm_msales",188.32668,154.395,154.007,60.884,391.506
2011,"Nevada",28,"farm_kha",2.69157497282737,3.193,3.187,0.911,11.103
2011,"Nevada",28,"farm_knumber",0.028,0.029,0.029,0.016,0.052
2011,"Nevada",28,"farm_msales",2.38072887,6.86,6.841,2.751,16.878
2014,"Nevada",28,"farm_kha",2.85587800078826,4.987,4.938,1.499,17.344
2014,"Nevada",28,"farm_knumber",0.045,0.032,0.032,0.018,0.057
2014,"Nevada",28,"farm_msales",NA,13.828,13.811,5.657,33.449
2015,"Nevada",28,"farm_kha",4.97077362670854,5.885,5.859,1.695,20.006
2015,"Nevada",28,"farm_knumber",0.031,0.034,0.034,0.019,0.06
2015,"Nevada",28,"farm_msales",20.6316,17.613,17.743,7.156,42.315
2016,"Nevada",28,"farm_kha",4.93839864582955,6.714,6.699,1.948,23.289
2016,"Nevada",28,"farm_knumber",0.034,0.035,0.035,0.019,0.062
2016,"Nevada",28,"farm_msales",31.70919,22.074,22.076,8.98,54.38
2019,"Nevada",28,"farm_kha",39.6059328583173,10.519,10.512,2.779,40.291
2019,"Nevada",28,"farm_knumber",0.04,0.039,0.039,0.021,0.072
2019,"Nevada",28,"farm_msales",68.13906,44.136,44.08,16.76,113.755
2011,"New Hampshire",29,"farm_kha",2.01250974889047,2.656,2.649,0.759,9.189
2011,"New Hampshire",29,"farm_knumber",0.074,0.083,0.083,0.046,0.145
2011,"New Hampshire",29,"farm_msales",19.68752448,14.486,14.571,5.749,35.766
2014,"New Hampshire",29,"farm_kha",2.95543106699117,3.356,3.36,0.96,11.706
2014,"New Hampshire",29,"farm_knumber",0.112,0.092,0.092,0.052,0.161
2014,"New Hampshire",29,"farm_msales",22.8085,15.806,15.863,6.547,38.321
2015,"New Hampshire",29,"farm_kha",3.75630715648528,3.578,3.563,1.053,12.667
2015,"New Hampshire",29,"farm_knumber",0.101,0.096,0.096,0.054,0.171
2015,"New Hampshire",29,"farm_msales",20.6195,16.346,16.273,6.78,41.265
2016,"New Hampshire",29,"farm_kha",3.18003249683919,3.857,3.859,1.102,13.972
2016,"New Hampshire",29,"farm_knumber",0.107,0.099,0.099,0.055,0.175
2016,"New Hampshire",29,"farm_msales",9.8645,16.633,16.61,6.931,41.431
2019,"New Hampshire",29,"farm_kha",4.73807845164077,4.833,4.807,1.272,18.269
2019,"New Hampshire",29,"farm_knumber",0.08,0.111,0.111,0.059,0.207
2019,"New Hampshire",29,"farm_msales",11.49948,18.21,18.156,7.085,46.528
2011,"New Jersey",30,"farm_kha",0.66490116980234,0.868,0.867,0.244,3.026
2011,"New Jersey",30,"farm_knumber",0.044,0.056,0.056,0.032,0.099
2011,"New Jersey",30,"farm_msales",7.45897815,6.047,6.059,2.487,14.776
2014,"New Jersey",30,"farm_kha",0.946563503449588,0.982,0.964,0.295,3.435
2014,"New Jersey",30,"farm_knumber",0.06,0.06,0.06,0.035,0.106
2014,"New Jersey",30,"farm_msales",8.3963,9.778,9.757,4.191,23.383
2015,"New Jersey",30,"farm_kha",0.950610376059462,1.017,1.017,0.3,3.435
2015,"New Jersey",30,"farm_knumber",0.075,0.062,0.062,0.035,0.109
2015,"New Jersey",30,"farm_msales",12.4014,11.378,11.359,4.707,27.771
2016,"New Jersey",30,"farm_kha",0.615529323961874,1.062,1.058,0.306,3.568
2016,"New Jersey",30,"farm_knumber",0.053,0.063,0.063,0.036,0.112
2016,"New Jersey",30,"farm_msales",9.62579,13.43,13.511,5.473,31.785
2019,"New Jersey",30,"farm_kha",1.59325374650749,1.197,1.197,0.319,4.591
2019,"New Jersey",30,"farm_knumber",0.068,0.069,0.069,0.037,0.125
2019,"New Jersey",30,"farm_msales",26.77092,21.768,21.672,8.474,55.648
2011,"New Mexico",31,"farm_kha",59.9936723796028,29.009,28.948,8.314,102.105
2011,"New Mexico",31,"farm_knumber",0.064,0.089,0.089,0.05,0.156
2011,"New Mexico",31,"farm_msales",25.95732282,28.261,28.332,11.416,69.616
2014,"New Mexico",31,"farm_kha",13.9260980250993,27.763,27.55,8.052,94.926
2014,"New Mexico",31,"farm_knumber",0.105,0.092,0.092,0.052,0.164
2014,"New Mexico",31,"farm_msales",24.0174,38.911,38.706,16.361,93.511
2015,"New Mexico",31,"farm_kha",20.8972407828687,26.993,27.031,7.629,91.111
2015,"New Mexico",31,"farm_knumber",0.088,0.095,0.094,0.053,0.167
2015,"New Mexico",31,"farm_msales",35.3573,42.945,42.756,17.885,103.855
2016,"New Mexico",31,"farm_kha",38.0984728111392,25.961,25.972,7.499,89.481
2016,"New Mexico",31,"farm_knumber",0.075,0.094,0.095,0.053,0.17
2016,"New Mexico",31,"farm_msales",49.02711,47.228,47.323,19.336,115.014
2019,"New Mexico",31,"farm_kha",15.801014105254,24.782,25.053,6.328,99.087
2019,"New Mexico",31,"farm_knumber",0.101,0.098,0.099,0.053,0.178
2019,"New Mexico",31,"farm_msales",72.18744,64.503,63.975,25.33,165.674
2011,"New York",32,"farm_kha",67.100790057064,70.132,69.165,19.825,244.215
2011,"New York",32,"farm_knumber",0.59,0.712,0.708,0.394,1.28
2011,"New York",32,"farm_msales",124.92530856,141.988,142.808,57.743,342.416
2014,"New York",32,"farm_kha",85.3368074116793,86.725,86.488,25.918,294.138
2014,"New York",32,"farm_knumber",0.855,0.87,0.87,0.49,1.535
2014,"New York",32,"farm_msales",180.2493,190.752,190.757,80.558,450.789
2015,"New York",32,"farm_kha",96.5988491976984,92.126,92.296,27.003,320.249
2015,"New York",32,"farm_knumber",0.931,0.919,0.916,0.523,1.632
2015,"New York",32,"farm_msales",242.935,206.836,209.139,83.094,488.823
2016,"New York",32,"farm_kha",106.99324149616,100.027,98.79,30.083,345.183
2016,"New York",32,"farm_knumber",1.059,0.99,0.988,0.558,1.757
2016,"New York",32,"farm_msales",235.28631,228.343,228.378,93.314,547.863
2019,"New York",32,"farm_kha",130.746764967078,120.755,122.181,31.155,466.858
2019,"New York",32,"farm_knumber",1.321,1.193,1.183,0.648,2.239
2019,"New York",32,"farm_msales",304.3884,302.271,305.21,115.232,770.508
2011,"North Carolina",33,"farm_kha",4.88943148725007,6.248,6.278,1.822,21.846
2011,"North Carolina",33,"farm_knumber",0.092,0.148,0.148,0.081,0.265
2011,"North Carolina",33,"farm_msales",28.24564392,61.685,61.191,25.404,152.17
2014,"North Carolina",33,"farm_kha",8.73922140102345,8.707,8.667,2.504,30.266
2014,"North Carolina",33,"farm_knumber",0.2,0.189,0.189,0.107,0.334
2014,"North Carolina",33,"farm_msales",73.3579,96.226,96.641,39.054,236.542
2015,"North Carolina",33,"farm_kha",11.6254509463858,9.615,9.684,2.809,31.568
2015,"North Carolina",33,"farm_knumber",0.203,0.204,0.205,0.118,0.358
2015,"North Carolina",33,"farm_msales",90.6697,111.225,111.386,45.511,265.609
2016,"North Carolina",33,"farm_kha",12.8690548994001,10.688,10.665,2.989,37.534
2016,"North Carolina",33,"farm_knumber",0.247,0.224,0.224,0.124,0.392
2016,"North Carolina",33,"farm_msales",157.95953,129.737,130.321,53.25,315.143
2019,"North Carolina",33,"farm_kha",17.2963335346026,14.698,14.571,4.003,54.987
2019,"North Carolina",33,"farm_knumber",0.347,0.282,0.282,0.152,0.523
2019,"North Carolina",33,"farm_msales",377.16336,200.921,200.738,77.478,511.348
2011,"North Dakota",34,"farm_kha",49.560025416825,44.409,44.456,12.705,155.411
2011,"North Dakota",34,"farm_knumber",0.112,0.103,0.103,0.057,0.186
2011,"North Dakota",34,"farm_msales",24.91794045,21.338,21.37,8.635,54.112
2014,"North Dakota",34,"farm_kha",54.483855321259,49.984,50.375,14.643,171.747
2014,"North Dakota",34,"farm_knumber",0.094,0.11,0.11,0.064,0.192
2014,"North Dakota",34,"farm_msales",30.0069,25.929,25.752,10.968,62.124
2015,"North Dakota",34,"farm_kha",44.8328735212309,50.477,50.653,14.775,171.915
2015,"North Dakota",34,"farm_knumber",0.1,0.112,0.112,0.064,0.194
2015,"North Dakota",34,"farm_msales",23.4564,27.374,27.194,11.669,65.629
2016,"North Dakota",34,"farm_kha",47.0671518891425,52.49,51.47,15.133,185.304
2016,"North Dakota",34,"farm_knumber",0.114,0.115,0.115,0.065,0.205
2016,"North Dakota",34,"farm_msales",24.78769,29.156,29.064,12.219,70.884
2019,"North Dakota",34,"farm_kha",45.9328134965947,57.975,57.512,16.086,222.316
2019,"North Dakota",34,"farm_knumber",0.117,0.123,0.123,0.066,0.229
2019,"North Dakota",34,"farm_msales",27.12996,35.142,34.988,13.223,92.022
2011,"Ohio",35,"farm_kha",22.045743229551,23.909,24.107,6.766,82.278
2011,"Ohio",35,"farm_knumber",0.329,0.406,0.409,0.225,0.733
2011,"Ohio",35,"farm_msales",65.88320661,64.296,64.393,26.548,157.748
2014,"Ohio",35,"farm_kha",29.6975699603012,29.47,29.283,8.44,101.395
2014,"Ohio",35,"farm_knumber",0.489,0.491,0.49,0.278,0.867
2014,"Ohio",35,"farm_msales",97.603,84.472,83.931,36.379,199.338
2015,"Ohio",35,"farm_kha",26.9764528174218,31.208,31.249,9.337,109.292
2015,"Ohio",35,"farm_knumber",0.463,0.519,0.518,0.296,0.92
2015,"Ohio",35,"farm_msales",84.7154,92.098,91.652,38.587,224.085
2016,"Ohio",35,"farm_kha",NA,33.199,33.281,9.422,115.706
2016,"Ohio",35,"farm_knumber",0.575,0.555,0.556,0.309,0.977
2016,"Ohio",35,"farm_msales",110.35378,100.912,100.283,42.054,248.887
2019,"Ohio",35,"farm_kha",45.2925982497126,40.276,39.925,10.485,157.437
2019,"Ohio",35,"farm_knumber",0.785,0.665,0.664,0.359,1.225
2019,"Ohio",35,"farm_msales",119.33898,131.049,130.517,50.501,332.986
2011,"Oklahoma",36,"farm_kha",5.8380184270046,5.542,5.554,1.551,19.356
2011,"Oklahoma",36,"farm_knumber",0.029,0.035,0.035,0.02,0.062
2011,"Oklahoma",36,"farm_msales",1.56598884,3.216,3.225,1.252,7.807
2014,"Oklahoma",36,"farm_kha",4.20591470344231,5.698,5.675,1.681,19.317
2014,"Oklahoma",36,"farm_knumber",0.035,0.035,0.035,0.02,0.061
2014,"Oklahoma",36,"farm_msales",NA,4.334,4.362,1.769,10.381
2015,"Oklahoma",36,"farm_kha",2.46130792132552,5.826,5.853,1.674,20.227
2015,"Oklahoma",36,"farm_knumber",0.023,0.034,0.034,0.02,0.06
2015,"Oklahoma",36,"farm_msales",2.2803,4.778,4.759,1.987,11.67
2016,"Oklahoma",36,"farm_kha",7.28760819586155,5.945,5.936,1.761,20.574
2016,"Oklahoma",36,"farm_knumber",0.034,0.034,0.034,0.019,0.06
2016,"Oklahoma",36,"farm_msales",5.02272,5.279,5.286,2.146,12.833
2019,"Oklahoma",36,"farm_kha",6.50049147324101,6.222,6.212,1.676,23.244
2019,"Oklahoma",36,"farm_knumber",0.034,0.034,0.034,0.018,0.062
2019,"Oklahoma",36,"farm_msales",10.35504,7.118,7.032,2.784,18.541
2011,"Oregon",37,"farm_kha",53.7331604521274,49.925,50.3,13.625,173.478
2011,"Oregon",37,"farm_knumber",0.352,0.387,0.386,0.214,0.696
2011,"Oregon",37,"farm_msales",273.1385241,217.401,217.892,87.352,522.2
2014,"Oregon",37,"farm_kha",82.3761154102953,62.615,63.055,18.138,220.319
2014,"Oregon",37,"farm_knumber",0.455,0.421,0.422,0.24,0.748
2014,"Oregon",37,"farm_msales",260.5515,291.298,292.072,120.781,714.798
2015,"Oregon",37,"farm_kha",71.0934345739659,68.281,67.66,19.608,240.333
2015,"Oregon",37,"farm_knumber",0.409,0.433,0.434,0.246,0.77
2015,"Oregon",37,"farm_msales",296.4082,320.956,321.179,134.149,759.037
2016,"Oregon",37,"farm_kha",78.8205331352598,73.266,73.076,20.946,242.275
2016,"Oregon",37,"farm_knumber",0.461,0.443,0.443,0.25,0.789
2016,"Oregon",37,"farm_msales",382.47664,349.325,352.13,143.011,810.013
2019,"Oregon",37,"farm_kha",79.3369140802798,92.183,92.112,24.141,355.313
2019,"Oregon",37,"farm_knumber",0.455,0.481,0.481,0.261,0.887
2019,"Oregon",37,"farm_msales",463.49412,466.683,462.663,180.359,1233.98
2011,"Pennsylvania",38,"farm_kha",24.7874994227408,25.664,25.598,7.227,89.669
2011,"Pennsylvania",38,"farm_knumber",0.435,0.515,0.512,0.286,0.914
2011,"Pennsylvania",38,"farm_msales",144.08753814,251.773,251.64,102.409,609.735
2014,"Pennsylvania",38,"farm_kha",39.2376674508188,31.816,32.137,8.998,108.541
2014,"Pennsylvania",38,"farm_knumber",0.644,0.628,0.63,0.355,1.102
2014,"Pennsylvania",38,"farm_msales",344.7356,363.837,363.944,152.014,862.642
2015,"Pennsylvania",38,"farm_kha",34.4647858947331,33.456,33.432,9.924,113.185
2015,"Pennsylvania",38,"farm_knumber",0.668,0.67,0.674,0.378,1.155
2015,"Pennsylvania",38,"farm_msales",364.6533,411.05,413.228,170.2,983.458
2016,"Pennsylvania",38,"farm_kha",37.8050745469233,35.524,35.339,10.186,124.608
2016,"Pennsylvania",38,"farm_knumber",0.781,0.714,0.713,0.393,1.255
2016,"Pennsylvania",38,"farm_msales",718.99561,462.647,464.983,188.105,1102.185
2019,"Pennsylvania",38,"farm_kha",43.5241149191976,43.927,43.816,11.416,164.051
2019,"Pennsylvania",38,"farm_knumber",0.944,0.869,0.872,0.46,1.625
2019,"Pennsylvania",38,"farm_msales",756.59928,675.231,678.918,266.36,1704.496
2011,"Rhode Island",39,"farm_kha",0.0392546643157802,0.044,0.044,0.012,0.171
2011,"Rhode Island",39,"farm_knumber",0.017,0.02,0.02,0.011,0.035
2011,"Rhode Island",39,"farm_msales",0.35910927,0.832,0.831,0.339,2.019
2014,"Rhode Island",39,"farm_kha",0.0258999847031952,0.049,0.049,0.014,0.171
2014,"Rhode Island",39,"farm_knumber",0.023,0.022,0.022,0.012,0.038
2014,"Rhode Island",39,"farm_msales",NA,1.149,1.149,0.474,2.738
2015,"Rhode Island",39,"farm_kha",NA,0.049,0.049,0.014,0.169
2015,"Rhode Island",39,"farm_knumber",0.019,0.022,0.022,0.012,0.039
2015,"Rhode Island",39,"farm_msales",0.5214,1.271,1.278,0.512,3.136
2016,"Rhode Island",39,"farm_kha",0.0554421547552773,0.052,0.051,0.015,0.186
2016,"Rhode Island",39,"farm_knumber",0.025,0.022,0.022,0.013,0.041
2016,"Rhode Island",39,"farm_msales",2.47975,1.442,1.435,0.596,3.568
2019,"Rhode Island",39,"farm_kha",0.0598937146261389,0.055,0.055,0.015,0.215
2019,"Rhode Island",39,"farm_knumber",0.02,0.024,0.024,0.013,0.045
2019,"Rhode Island",39,"farm_msales",2.22258,1.985,1.963,0.778,5.176
2011,"South Carolina",40,"farm_kha",0.315251376309204,0.555,0.547,0.161,1.942
2011,"South Carolina",40,"farm_knumber",0.013,0.021,0.021,0.012,0.038
2011,"South Carolina",40,"farm_msales",NA,4.966,4.943,1.994,12.566
2014,"South Carolina",40,"farm_kha",0.995530662029066,0.828,0.822,0.24,2.878
2014,"South Carolina",40,"farm_knumber",0.035,0.027,0.027,0.016,0.048
2014,"South Carolina",40,"farm_msales",NA,8.154,8.178,3.327,20.068
2015,"South Carolina",40,"farm_kha",1.10924778236653,0.937,0.935,0.268,3.281
2015,"South Carolina",40,"farm_knumber",0.026,0.029,0.029,0.016,0.05
2015,"South Carolina",40,"farm_msales",11.099,9.546,9.583,3.857,23.105
2016,"South Carolina",40,"farm_kha",1.28002580650323,1.058,1.057,0.309,3.666
2016,"South Carolina",40,"farm_knumber",0.044,0.032,0.032,0.018,0.057
2016,"South Carolina",40,"farm_msales",12.59277,11.322,11.331,4.655,27.716
2019,"South Carolina",40,"farm_kha",1.94492697630557,1.597,1.575,0.42,6.038
2019,"South Carolina",40,"farm_knumber",0.039,0.04,0.04,0.021,0.075
2019,"South Carolina",40,"farm_msales",22.1136,18.831,18.775,7.135,49.157
2011,"South Dakota",41,"farm_kha",40.5047432649704,35.734,35.517,9.994,126.599
2011,"South Dakota",41,"farm_knumber",0.077,0.079,0.079,0.045,0.144
2011,"South Dakota",41,"farm_msales",13.33852065,14.106,14.09,5.657,35.129
2014,"South Dakota",41,"farm_kha",31.6942969060132,38.912,39.017,11.554,135.105
2014,"South Dakota",41,"farm_knumber",0.078,0.083,0.083,0.047,0.147
2014,"South Dakota",41,"farm_msales",NA,16.606,16.643,6.787,39.885
2015,"South Dakota",41,"farm_kha",37.4181935254193,39.611,39.39,11.763,140.478
2015,"South Dakota",41,"farm_knumber",0.097,0.084,0.084,0.048,0.147
2015,"South Dakota",41,"farm_msales",19.2181,17.629,17.567,7.345,43.079
2016,"South Dakota",41,"farm_kha",46.8546910771241,40.949,40.895,12.121,142.879
2016,"South Dakota",41,"farm_knumber",0.086,0.085,0.085,0.049,0.153
2016,"South Dakota",41,"farm_msales",18.8788,18.587,18.449,7.66,45.562
2019,"South Dakota",41,"farm_kha",29.6040872030131,43.951,43.728,11.917,162.126
2019,"South Dakota",41,"farm_knumber",0.068,0.089,0.089,0.049,0.166
2019,"South Dakota",41,"farm_msales",14.7084,21.844,22.021,8.297,57.283
2011,"Tennessee",42,"farm_kha",0.625241818225572,0.8,0.807,0.234,2.804
2011,"Tennessee",42,"farm_knumber",0.017,0.023,0.022,0.013,0.041
2011,"Tennessee",42,"farm_msales",NA,2.761,2.74,1.099,6.987
2014,"Tennessee",42,"farm_kha",1.28771486446199,1.06,1.05,0.311,3.611
2014,"Tennessee",42,"farm_knumber",0.03,0.027,0.027,0.015,0.049
2014,"Tennessee",42,"farm_msales",4.3659,4.225,4.216,1.789,10.206
2015,"Tennessee",42,"farm_kha",0.939279132751814,1.162,1.174,0.333,3.881
2015,"Tennessee",42,"farm_knumber",0.025,0.029,0.029,0.017,0.052
2015,"Tennessee",42,"farm_msales",5.1568,4.922,4.953,2.033,11.647
2016,"Tennessee",42,"farm_kha",1.35206013895899,1.289,1.289,0.373,4.54
2016,"Tennessee",42,"farm_knumber",0.038,0.031,0.031,0.018,0.055
2016,"Tennessee",42,"farm_msales",6.11926,5.781,5.824,2.298,14.197
2019,"Tennessee",42,"farm_kha",2.02222224315416,1.716,1.713,0.453,6.72
2019,"Tennessee",42,"farm_knumber",0.038,0.037,0.037,0.02,0.07
2019,"Tennessee",42,"farm_msales",9.21162,8.869,8.891,3.397,22.921
2011,"Texas",43,"farm_kha",32.7869525106792,51.74,51.444,14.454,180.017
2011,"Texas",43,"farm_knumber",0.133,0.154,0.155,0.086,0.27
2011,"Texas",43,"farm_msales",193.63374225,182.316,182.546,73.844,451.252
2014,"Texas",43,"farm_kha",50.7368559717765,57.4,57.283,16.794,192.486
2014,"Texas",43,"farm_knumber",0.178,0.175,0.174,0.098,0.31
2014,"Texas",43,"farm_msales",218.7119,246.814,246.411,102.204,590.547
2015,"Texas",43,"farm_kha",35.0722214734752,59.492,59.83,17.064,206.665
2015,"Texas",43,"farm_knumber",0.133,0.181,0.18,0.104,0.316
2015,"Texas",43,"farm_msales",231.3223,270.964,270.021,111.609,653.93
2016,"Texas",43,"farm_kha",59.408494600215,60.685,61.313,17.201,208.513
2016,"Texas",43,"farm_knumber",0.213,0.189,0.189,0.106,0.337
2016,"Texas",43,"farm_msales",324.25756,303.192,303.384,122.977,736.696
2019,"Texas",43,"farm_kha",99.6773051920297,66.522,66.753,18.392,246.657
2019,"Texas",43,"farm_knumber",0.233,0.211,0.211,0.114,0.389
2019,"Texas",43,"farm_msales",432.78906,407.514,409.117,161.418,1037.947
2011,"Utah",44,"farm_kha",31.474956410558,39.099,39.056,11.056,141.034
2011,"Utah",44,"farm_knumber",0.035,0.047,0.047,0.025,0.084
2011,"Utah",44,"farm_msales",13.13341029,16.176,16.289,6.488,39.097
2014,"Utah",44,"farm_kha",48.7393196515425,42.145,41.888,12.641,145.926
2014,"Utah",44,"farm_knumber",0.059,0.05,0.05,0.029,0.088
2014,"Utah",44,"farm_msales",20.3038,22.187,22.242,9.134,51.368
2015,"Utah",44,"farm_kha",40.677140038151,42.868,42.521,12.218,146.354
2015,"Utah",44,"farm_knumber",0.054,0.051,0.051,0.029,0.091
2015,"Utah",44,"farm_msales",31.1454,24.35,24.119,10.196,59.8
2016,"Utah",44,"farm_kha",39.6265719086277,43.646,43.772,12.401,158.392
2016,"Utah",44,"farm_knumber",0.051,0.052,0.052,0.03,0.095
2016,"Utah",44,"farm_msales",28.46862,26.843,26.803,11.223,65.562
2019,"Utah",44,"farm_kha",38.2797727040615,47.102,47.181,12.182,180.228
2019,"Utah",44,"farm_knumber",0.048,0.057,0.057,0.031,0.106
2019,"Utah",44,"farm_msales",27.44106,36.761,36.672,14.571,93.599
2011,"Vermont",45,"farm_kha",33.1438866748701,35.327,35.322,10.216,123.968
2011,"Vermont",45,"farm_knumber",0.373,0.424,0.424,0.237,0.743
2011,"Vermont",45,"farm_msales",76.94834823,86.858,86.315,36.269,215.514
2014,"Vermont",45,"farm_kha",45.6564120973403,46.519,47.064,13.612,165.013
2014,"Vermont",45,"farm_knumber",0.506,0.497,0.495,0.284,0.87
2014,"Vermont",45,"farm_msales",103.1624,110.388,110.278,46.71,262.46
2015,"Vermont",45,"farm_kha",53.678932359155,50.045,50.099,14.687,168.01
2015,"Vermont",45,"farm_knumber",0.568,0.524,0.527,0.296,0.913
2015,"Vermont",45,"farm_msales",119.5557,119.06,118.866,49.949,288.307
2016,"Vermont",45,"farm_kha",54.3640678920068,54.38,54.489,15.704,188.496
2016,"Vermont",45,"farm_knumber",0.55,0.552,0.552,0.308,0.979
2016,"Vermont",45,"farm_msales",138.48886,128.143,128.445,53.569,309.536
2019,"Vermont",45,"farm_kha",82.1523233549693,71.517,71.486,19.124,265.908
2019,"Vermont",45,"farm_knumber",0.655,0.645,0.642,0.348,1.176
2019,"Vermont",45,"farm_msales",162.93684,163.642,163.776,62.992,416.558
2011,"Virginia",46,"farm_kha",5.09986886296353,6.39,6.495,1.823,22.332
2011,"Virginia",46,"farm_knumber",0.064,0.096,0.096,0.054,0.174
2011,"Virginia",46,"farm_msales",24.98736942,31.382,31.312,12.987,75.567
2014,"Virginia",46,"farm_kha",11.3692839101807,8.059,8.045,2.327,27.526
2014,"Virginia",46,"farm_knumber",0.139,0.12,0.12,0.067,0.21
2014,"Virginia",46,"farm_msales",45.3684,42.36,42.628,17.725,99.594
2015,"Virginia",46,"farm_kha",9.49113033193808,8.856,8.829,2.534,29.667
2015,"Virginia",46,"farm_knumber",0.136,0.129,0.129,0.072,0.225
2015,"Virginia",46,"farm_msales",50.7056,46.817,46.899,19.221,115.123
2016,"Virginia",46,"farm_kha",10.0556690610155,9.729,9.728,2.823,34.16
2016,"Virginia",46,"farm_knumber",0.165,0.139,0.139,0.079,0.244
2016,"Virginia",46,"farm_msales",60.94626,52.319,52.431,21.562,128.256
2019,"Virginia",46,"farm_kha",11.4716697872105,12.552,12.491,3.374,46.299
2019,"Virginia",46,"farm_knumber",0.163,0.172,0.173,0.093,0.318
2019,"Virginia",46,"farm_msales",64.04682,70.614,70.881,28.017,180.197
2011,"Washington",47,"farm_kha",29.091753130603,26.827,27.004,7.599,93.049
2011,"Washington",47,"farm_knumber",0.491,0.577,0.578,0.328,1.026
2011,"Washington",47,"farm_msales",347.61188007,388.433,391.506,158.527,960.088
2014,"Washington",47,"farm_kha",29.7206371341775,31.464,31.627,9.189,105.959
2014,"Washington",47,"farm_knumber",0.642,0.625,0.629,0.356,1.093
2014,"Washington",47,"farm_msales",566.0765,541.571,537.538,226.524,1309.041
2015,"Washington",47,"farm_kha",29.0488562809384,32.914,32.967,9.525,112.73
2015,"Washington",47,"farm_knumber",0.598,0.646,0.647,0.376,1.129
2015,"Washington",47,"farm_msales",689.0895,608.402,612.164,256.724,1413.819
2016,"Washington",47,"farm_kha",31.8646702428889,34.192,34.364,9.747,115.584
2016,"Washington",47,"farm_knumber",0.677,0.663,0.663,0.379,1.184
2016,"Washington",47,"farm_msales",693.50705,681.214,679.937,277.245,1660.792
2019,"Washington",47,"farm_kha",45.2966451223225,39.893,39.766,10.601,147.378
2019,"Washington",47,"farm_knumber",0.743,0.72,0.722,0.393,1.348
2019,"Washington",47,"farm_msales",903.6894,958.367,962.467,368.706,2385.168
2011,"West Virginia",48,"farm_kha",0.0914593209831581,0.267,0.265,0.079,0.966
2011,"West Virginia",48,"farm_knumber",0.005,0.008,0.008,0.004,0.015
2011,"West Virginia",48,"farm_msales",0.15821676,0.886,0.885,0.356,2.183
2014,"West Virginia",48,"farm_kha",0.775380792051907,0.453,0.451,0.129,1.607
2014,"West Virginia",48,"farm_knumber",0.009,0.011,0.011,0.006,0.019
2014,"West Virginia",48,"farm_msales",NA,1.778,1.78,0.713,4.406
2015,"West Virginia",48,"farm_kha",0.98703222954833,0.534,0.534,0.156,1.767
2015,"West Virginia",48,"farm_knumber",0.016,0.012,0.012,0.007,0.021
2015,"West Virginia",48,"farm_msales",4.2471,2.244,2.229,0.926,5.535
2016,"West Virginia",48,"farm_kha",0.955871310452298,0.636,0.637,0.178,2.179
2016,"West Virginia",48,"farm_knumber",0.014,0.014,0.014,0.008,0.024
2016,"West Virginia",48,"farm_msales",2.20725,2.854,2.852,1.162,7.043
2019,"West Virginia",48,"farm_kha",1.2359148950556,1.084,1.069,0.277,4.208
2019,"West Virginia",48,"farm_knumber",0.027,0.019,0.019,0.01,0.035
2019,"West Virginia",48,"farm_msales",13.62108,5.657,5.689,2.146,14.368
2011,"Wisconsin",49,"farm_kha",70.4333896512954,68.967,69.616,19.747,237.49
2011,"Wisconsin",49,"farm_knumber",0.863,0.964,0.965,0.546,1.729
2011,"Wisconsin",49,"farm_msales",154.97509248,164.481,163.776,66.751,407.076
2014,"Wisconsin",49,"farm_kha",91.4819834697734,81.112,81.573,23.807,273.698
2014,"Wisconsin",49,"farm_knumber",1.128,1.108,1.108,0.629,1.947
2014,"Wisconsin",49,"farm_msales",220.462,211.078,210.608,90.559,501.21
2015,"Wisconsin",49,"farm_kha",84.8285202118791,85.194,84.69,24.239,297.377
2015,"Wisconsin",49,"farm_knumber",1.204,1.162,1.16,0.664,2.029
2015,"Wisconsin",49,"farm_msales",244.6719,230.27,227.58,96.931,558.93
2016,"Wisconsin",49,"farm_kha",88.7341569676688,90.451,90.74,26.949,307.977
2016,"Wisconsin",49,"farm_knumber",1.276,1.219,1.22,0.687,2.127
2016,"Wisconsin",49,"farm_msales",278.4405,250.02,250.636,103.542,592.914
2019,"Wisconsin",49,"farm_kha",101.552221272184,105.47,105.425,27.798,390.333
2019,"Wisconsin",49,"farm_knumber",1.364,1.4,1.402,0.743,2.62
2019,"Wisconsin",49,"farm_msales",274.29942,321.752,320.217,120.172,840.503
2011,"Wyoming",50,"farm_kha",289.596227398906,105.738,106.644,29.547,368.034
2011,"Wyoming",50,"farm_knumber",0.043,0.044,0.044,0.025,0.078
2011,"Wyoming",50,"farm_msales",21.00717333,14.899,14.887,6.153,36.053
2014,"Wyoming",50,"farm_kha",52.0031224114061,87.669,88.058,25.532,293.83
2014,"Wyoming",50,"farm_knumber",0.049,0.051,0.051,0.029,0.09
2014,"Wyoming",50,"farm_msales",18.3843,17.921,17.921,7.345,43.51
2015,"Wyoming",50,"farm_kha",52.0496614464197,81.662,81.614,24.77,284.868
2015,"Wyoming",50,"farm_knumber",0.054,0.054,0.053,0.03,0.096
2015,"Wyoming",50,"farm_msales",18.3238,18.944,18.973,7.949,45.606
2016,"Wyoming",50,"farm_kha",48.5098619745627,76.449,77.285,22.241,270.163
2016,"Wyoming",50,"farm_knumber",0.048,0.057,0.056,0.032,0.099
2016,"Wyoming",50,"farm_msales",16.41758,20.171,20.217,8.602,49.354
2019,"Wyoming",50,"farm_kha",52.6364579748514,62.995,63.212,16.527,241.785
2019,"Wyoming",50,"farm_knumber",0.064,0.066,0.066,0.036,0.122
2019,"Wyoming",50,"farm_msales",15.95178,23.999,24.204,9.244,61.559
